id,code,configuration_code,attribute_code,fuel_type_code,minimum_value,maximum_value,lower_inclusive,upper_inclusive,observation_date,source_code,notes
1,jogger_essential_5seat_ecog120_manual_fuel_consumption_combined_lpg_range_20260401,jogger_essential_5seat_ecog120_manual,fuel_consumption_combined,lpg,7.3,7.4,true,true,2026-04-01,src_pl_jogger_price_my26_20260401,"Source page 6, section OSIĄGI: LPG: 7,3-7,4"
2,jogger_essential_5seat_ecog120_manual_fuel_consumption_combined_petrol_range_20260401,jogger_essential_5seat_ecog120_manual,fuel_consumption_combined,petrol,5.8,5.9,true,true,2026-04-01,src_pl_jogger_price_my26_20260401,"Source page 6, section OSIĄGI: Ben: 5,8-5,9"
3,jogger_expression_5seat_ecog120_manual_fuel_consumption_combined_lpg_range_20260401,jogger_expression_5seat_ecog120_manual,fuel_consumption_combined,lpg,7.3,7.4,true,true,2026-04-01,src_pl_jogger_price_my26_20260401,"Source page 6, section OSIĄGI: LPG: 7,3-7,4"
4,jogger_expression_5seat_ecog120_manual_fuel_consumption_combined_petrol_range_20260401,jogger_expression_5seat_ecog120_manual,fuel_consumption_combined,petrol,5.8,5.9,true,true,2026-04-01,src_pl_jogger_price_my26_20260401,"Source page 6, section OSIĄGI: Ben: 5,8-5,9"
5,jogger_extreme_5seat_ecog120_manual_fuel_consumption_combined_lpg_range_20260401,jogger_extreme_5seat_ecog120_manual,fuel_consumption_combined,lpg,7.3,7.4,true,true,2026-04-01,src_pl_jogger_price_my26_20260401,"Source page 6, section OSIĄGI: LPG: 7,3-7,4"
6,jogger_extreme_5seat_ecog120_manual_fuel_consumption_combined_petrol_range_20260401,jogger_extreme_5seat_ecog120_manual,fuel_consumption_combined,petrol,5.8,5.9,true,true,2026-04-01,src_pl_jogger_price_my26_20260401,"Source page 6, section OSIĄGI: Ben: 5,8-5,9"
7,jogger_essential_7seat_ecog120_manual_fuel_consumption_combined_lpg_range_20260401,jogger_essential_7seat_ecog120_manual,fuel_consumption_combined,lpg,7.3,7.4,true,true,2026-04-01,src_pl_jogger_price_my26_20260401,"Source page 6, section OSIĄGI: LPG: 7,3-7,4"
8,jogger_essential_7seat_ecog120_manual_fuel_consumption_combined_petrol_range_20260401,jogger_essential_7seat_ecog120_manual,fuel_consumption_combined,petrol,5.8,5.9,true,true,2026-04-01,src_pl_jogger_price_my26_20260401,"Source page 6, section OSIĄGI: Ben: 5,8-5,9"
9,jogger_expression_7seat_ecog120_manual_fuel_consumption_combined_lpg_range_20260401,jogger_expression_7seat_ecog120_manual,fuel_consumption_combined,lpg,7.3,7.4,true,true,2026-04-01,src_pl_jogger_price_my26_20260401,"Source page 6, section OSIĄGI: LPG: 7,3-7,4"
10,jogger_expression_7seat_ecog120_manual_fuel_consumption_combined_petrol_range_20260401,jogger_expression_7seat_ecog120_manual,fuel_consumption_combined,petrol,5.8,5.9,true,true,2026-04-01,src_pl_jogger_price_my26_20260401,"Source page 6, section OSIĄGI: Ben: 5,8-5,9"
11,jogger_extreme_7seat_ecog120_manual_fuel_consumption_combined_lpg_range_20260401,jogger_extreme_7seat_ecog120_manual,fuel_consumption_combined,lpg,7.3,7.4,true,true,2026-04-01,src_pl_jogger_price_my26_20260401,"Source page 6, section OSIĄGI: LPG: 7,3-7,4"
12,jogger_extreme_7seat_ecog120_manual_fuel_consumption_combined_petrol_range_20260401,jogger_extreme_7seat_ecog120_manual,fuel_consumption_combined,petrol,5.8,5.9,true,true,2026-04-01,src_pl_jogger_price_my26_20260401,"Source page 6, section OSIĄGI: Ben: 5,8-5,9"
13,jogger_essential_5seat_ecog120_manual_co2_emissions_lpg_range_20260401,jogger_essential_5seat_ecog120_manual,co2_emissions,lpg,119,121,true,true,2026-04-01,src_pl_jogger_price_my26_20260401,"Source page 6, section OSIĄGI: LPG: 119-121"
14,jogger_essential_5seat_ecog120_manual_co2_emissions_petrol_range_20260401,jogger_essential_5seat_ecog120_manual,co2_emissions,petrol,133,134,true,true,2026-04-01,src_pl_jogger_price_my26_20260401,"Source page 6, section OSIĄGI: Ben: 133-134"
15,jogger_expression_5seat_ecog120_manual_co2_emissions_lpg_range_20260401,jogger_expression_5seat_ecog120_manual,co2_emissions,lpg,119,121,true,true,2026-04-01,src_pl_jogger_price_my26_20260401,"Source page 6, section OSIĄGI: LPG: 119-121"
16,jogger_expression_5seat_ecog120_manual_co2_emissions_petrol_range_20260401,jogger_expression_5seat_ecog120_manual,co2_emissions,petrol,133,134,true,true,2026-04-01,src_pl_jogger_price_my26_20260401,"Source page 6, section OSIĄGI: Ben: 133-134"
17,jogger_extreme_5seat_ecog120_manual_co2_emissions_lpg_range_20260401,jogger_extreme_5seat_ecog120_manual,co2_emissions,lpg,119,121,true,true,2026-04-01,src_pl_jogger_price_my26_20260401,"Source page 6, section OSIĄGI: LPG: 119-121"
18,jogger_extreme_5seat_ecog120_manual_co2_emissions_petrol_range_20260401,jogger_extreme_5seat_ecog120_manual,co2_emissions,petrol,133,134,true,true,2026-04-01,src_pl_jogger_price_my26_20260401,"Source page 6, section OSIĄGI: Ben: 133-134"
19,jogger_essential_7seat_ecog120_manual_co2_emissions_lpg_range_20260401,jogger_essential_7seat_ecog120_manual,co2_emissions,lpg,119,121,true,true,2026-04-01,src_pl_jogger_price_my26_20260401,"Source page 6, section OSIĄGI: LPG: 119-121"
20,jogger_essential_7seat_ecog120_manual_co2_emissions_petrol_range_20260401,jogger_essential_7seat_ecog120_manual,co2_emissions,petrol,133,134,true,true,2026-04-01,src_pl_jogger_price_my26_20260401,"Source page 6, section OSIĄGI: Ben: 133-134"
21,jogger_expression_7seat_ecog120_manual_co2_emissions_lpg_range_20260401,jogger_expression_7seat_ecog120_manual,co2_emissions,lpg,119,121,true,true,2026-04-01,src_pl_jogger_price_my26_20260401,"Source page 6, section OSIĄGI: LPG: 119-121"
22,jogger_expression_7seat_ecog120_manual_co2_emissions_petrol_range_20260401,jogger_expression_7seat_ecog120_manual,co2_emissions,petrol,133,134,true,true,2026-04-01,src_pl_jogger_price_my26_20260401,"Source page 6, section OSIĄGI: Ben: 133-134"
23,jogger_extreme_7seat_ecog120_manual_co2_emissions_lpg_range_20260401,jogger_extreme_7seat_ecog120_manual,co2_emissions,lpg,119,121,true,true,2026-04-01,src_pl_jogger_price_my26_20260401,"Source page 6, section OSIĄGI: LPG: 119-121"
24,jogger_extreme_7seat_ecog120_manual_co2_emissions_petrol_range_20260401,jogger_extreme_7seat_ecog120_manual,co2_emissions,petrol,133,134,true,true,2026-04-01,src_pl_jogger_price_my26_20260401,"Source page 6, section OSIĄGI: Ben: 133-134"
25,jogger_extreme_5seat_ecog120_automatic_fuel_consumption_combined_lpg_range_20260401,jogger_extreme_5seat_ecog120_automatic,fuel_consumption_combined,lpg,7.5,7.6,true,true,2026-04-01,src_pl_jogger_price_my26_20260401,"Source page 6, section OSIĄGI: LPG: 7,5-7,6"
26,jogger_extreme_5seat_ecog120_automatic_fuel_consumption_combined_petrol_range_20260401,jogger_extreme_5seat_ecog120_automatic,fuel_consumption_combined,petrol,6,6.1,true,true,2026-04-01,src_pl_jogger_price_my26_20260401,"Source page 6, section OSIĄGI: Ben: 6,0-6,1"
27,jogger_journey_5seat_ecog120_automatic_fuel_consumption_combined_lpg_range_20260401,jogger_journey_5seat_ecog120_automatic,fuel_consumption_combined,lpg,7.5,7.6,true,true,2026-04-01,src_pl_jogger_price_my26_20260401,"Source page 6, section OSIĄGI: LPG: 7,5-7,6"
28,jogger_journey_5seat_ecog120_automatic_fuel_consumption_combined_petrol_range_20260401,jogger_journey_5seat_ecog120_automatic,fuel_consumption_combined,petrol,6,6.1,true,true,2026-04-01,src_pl_jogger_price_my26_20260401,"Source page 6, section OSIĄGI: Ben: 6,0-6,1"
29,jogger_extreme_7seat_ecog120_automatic_fuel_consumption_combined_lpg_range_20260401,jogger_extreme_7seat_ecog120_automatic,fuel_consumption_combined,lpg,7.5,7.6,true,true,2026-04-01,src_pl_jogger_price_my26_20260401,"Source page 6, section OSIĄGI: LPG: 7,5-7,6"
30,jogger_extreme_7seat_ecog120_automatic_fuel_consumption_combined_petrol_range_20260401,jogger_extreme_7seat_ecog120_automatic,fuel_consumption_combined,petrol,6,6.1,true,true,2026-04-01,src_pl_jogger_price_my26_20260401,"Source page 6, section OSIĄGI: Ben: 6,0-6,1"
31,jogger_journey_7seat_ecog120_automatic_fuel_consumption_combined_lpg_range_20260401,jogger_journey_7seat_ecog120_automatic,fuel_consumption_combined,lpg,7.5,7.6,true,true,2026-04-01,src_pl_jogger_price_my26_20260401,"Source page 6, section OSIĄGI: LPG: 7,5-7,6"
32,jogger_journey_7seat_ecog120_automatic_fuel_consumption_combined_petrol_range_20260401,jogger_journey_7seat_ecog120_automatic,fuel_consumption_combined,petrol,6,6.1,true,true,2026-04-01,src_pl_jogger_price_my26_20260401,"Source page 6, section OSIĄGI: Ben: 6,0-6,1"
33,jogger_extreme_5seat_ecog120_automatic_co2_emissions_lpg_range_20260401,jogger_extreme_5seat_ecog120_automatic,co2_emissions,lpg,121,123,true,true,2026-04-01,src_pl_jogger_price_my26_20260401,"Source page 6, section OSIĄGI: LPG: 121-123"
34,jogger_extreme_5seat_ecog120_automatic_co2_emissions_petrol_range_20260401,jogger_extreme_5seat_ecog120_automatic,co2_emissions,petrol,137,138,true,true,2026-04-01,src_pl_jogger_price_my26_20260401,"Source page 6, section OSIĄGI: Ben: 137-138"
35,jogger_journey_5seat_ecog120_automatic_co2_emissions_lpg_range_20260401,jogger_journey_5seat_ecog120_automatic,co2_emissions,lpg,121,123,true,true,2026-04-01,src_pl_jogger_price_my26_20260401,"Source page 6, section OSIĄGI: LPG: 121-123"
36,jogger_journey_5seat_ecog120_automatic_co2_emissions_petrol_range_20260401,jogger_journey_5seat_ecog120_automatic,co2_emissions,petrol,137,138,true,true,2026-04-01,src_pl_jogger_price_my26_20260401,"Source page 6, section OSIĄGI: Ben: 137-138"
37,jogger_extreme_7seat_ecog120_automatic_co2_emissions_lpg_range_20260401,jogger_extreme_7seat_ecog120_automatic,co2_emissions,lpg,121,123,true,true,2026-04-01,src_pl_jogger_price_my26_20260401,"Source page 6, section OSIĄGI: LPG: 121-123"
38,jogger_extreme_7seat_ecog120_automatic_co2_emissions_petrol_range_20260401,jogger_extreme_7seat_ecog120_automatic,co2_emissions,petrol,137,138,true,true,2026-04-01,src_pl_jogger_price_my26_20260401,"Source page 6, section OSIĄGI: Ben: 137-138"
39,jogger_journey_7seat_ecog120_automatic_co2_emissions_lpg_range_20260401,jogger_journey_7seat_ecog120_automatic,co2_emissions,lpg,121,123,true,true,2026-04-01,src_pl_jogger_price_my26_20260401,"Source page 6, section OSIĄGI: LPG: 121-123"
40,jogger_journey_7seat_ecog120_automatic_co2_emissions_petrol_range_20260401,jogger_journey_7seat_ecog120_automatic,co2_emissions,petrol,137,138,true,true,2026-04-01,src_pl_jogger_price_my26_20260401,"Source page 6, section OSIĄGI: Ben: 137-138"
41,jogger_expression_5seat_tce110_manual_fuel_consumption_combined_petrol_range_20260401,jogger_expression_5seat_tce110_manual,fuel_consumption_combined,petrol,5.7,5.8,true,true,2026-04-01,src_pl_jogger_price_my26_20260401,"Source page 6, section OSIĄGI: 5,7-5,8"
42,jogger_extreme_5seat_tce110_manual_fuel_consumption_combined_petrol_range_20260401,jogger_extreme_5seat_tce110_manual,fuel_consumption_combined,petrol,5.7,5.8,true,true,2026-04-01,src_pl_jogger_price_my26_20260401,"Source page 6, section OSIĄGI: 5,7-5,8"
43,jogger_journey_5seat_tce110_manual_fuel_consumption_combined_petrol_range_20260401,jogger_journey_5seat_tce110_manual,fuel_consumption_combined,petrol,5.7,5.8,true,true,2026-04-01,src_pl_jogger_price_my26_20260401,"Source page 6, section OSIĄGI: 5,7-5,8"
44,jogger_expression_7seat_tce110_manual_fuel_consumption_combined_petrol_range_20260401,jogger_expression_7seat_tce110_manual,fuel_consumption_combined,petrol,5.7,5.8,true,true,2026-04-01,src_pl_jogger_price_my26_20260401,"Source page 6, section OSIĄGI: 5,7-5,8"
45,jogger_extreme_7seat_tce110_manual_fuel_consumption_combined_petrol_range_20260401,jogger_extreme_7seat_tce110_manual,fuel_consumption_combined,petrol,5.7,5.8,true,true,2026-04-01,src_pl_jogger_price_my26_20260401,"Source page 6, section OSIĄGI: 5,7-5,8"
46,jogger_journey_7seat_tce110_manual_fuel_consumption_combined_petrol_range_20260401,jogger_journey_7seat_tce110_manual,fuel_consumption_combined,petrol,5.7,5.8,true,true,2026-04-01,src_pl_jogger_price_my26_20260401,"Source page 6, section OSIĄGI: 5,7-5,8"
47,jogger_expression_5seat_tce110_manual_co2_emissions_petrol_range_20260401,jogger_expression_5seat_tce110_manual,co2_emissions,petrol,129,131,true,true,2026-04-01,src_pl_jogger_price_my26_20260401,"Source page 6, section OSIĄGI: 129-131"
48,jogger_extreme_5seat_tce110_manual_co2_emissions_petrol_range_20260401,jogger_extreme_5seat_tce110_manual,co2_emissions,petrol,129,131,true,true,2026-04-01,src_pl_jogger_price_my26_20260401,"Source page 6, section OSIĄGI: 129-131"
49,jogger_journey_5seat_tce110_manual_co2_emissions_petrol_range_20260401,jogger_journey_5seat_tce110_manual,co2_emissions,petrol,129,131,true,true,2026-04-01,src_pl_jogger_price_my26_20260401,"Source page 6, section OSIĄGI: 129-131"
50,jogger_expression_7seat_tce110_manual_co2_emissions_petrol_range_20260401,jogger_expression_7seat_tce110_manual,co2_emissions,petrol,129,131,true,true,2026-04-01,src_pl_jogger_price_my26_20260401,"Source page 6, section OSIĄGI: 129-131"
51,jogger_extreme_7seat_tce110_manual_co2_emissions_petrol_range_20260401,jogger_extreme_7seat_tce110_manual,co2_emissions,petrol,129,131,true,true,2026-04-01,src_pl_jogger_price_my26_20260401,"Source page 6, section OSIĄGI: 129-131"
52,jogger_journey_7seat_tce110_manual_co2_emissions_petrol_range_20260401,jogger_journey_7seat_tce110_manual,co2_emissions,petrol,129,131,true,true,2026-04-01,src_pl_jogger_price_my26_20260401,"Source page 6, section OSIĄGI: 129-131"
53,jogger_expression_5seat_hybrid155_automatic_fuel_consumption_combined_petrol_range_20260401,jogger_expression_5seat_hybrid155_automatic,fuel_consumption_combined,petrol,4.5,4.6,true,true,2026-04-01,src_pl_jogger_price_my26_20260401,"Source page 6, section OSIĄGI: 4,5-4,6"
54,jogger_extreme_5seat_hybrid155_automatic_fuel_consumption_combined_petrol_range_20260401,jogger_extreme_5seat_hybrid155_automatic,fuel_consumption_combined,petrol,4.5,4.6,true,true,2026-04-01,src_pl_jogger_price_my26_20260401,"Source page 6, section OSIĄGI: 4,5-4,6"
55,jogger_journey_5seat_hybrid155_automatic_fuel_consumption_combined_petrol_range_20260401,jogger_journey_5seat_hybrid155_automatic,fuel_consumption_combined,petrol,4.5,4.6,true,true,2026-04-01,src_pl_jogger_price_my26_20260401,"Source page 6, section OSIĄGI: 4,5-4,6"
56,jogger_expression_7seat_hybrid155_automatic_fuel_consumption_combined_petrol_range_20260401,jogger_expression_7seat_hybrid155_automatic,fuel_consumption_combined,petrol,4.5,4.6,true,true,2026-04-01,src_pl_jogger_price_my26_20260401,"Source page 6, section OSIĄGI: 4,5-4,6"
57,jogger_extreme_7seat_hybrid155_automatic_fuel_consumption_combined_petrol_range_20260401,jogger_extreme_7seat_hybrid155_automatic,fuel_consumption_combined,petrol,4.5,4.6,true,true,2026-04-01,src_pl_jogger_price_my26_20260401,"Source page 6, section OSIĄGI: 4,5-4,6"
58,jogger_journey_7seat_hybrid155_automatic_fuel_consumption_combined_petrol_range_20260401,jogger_journey_7seat_hybrid155_automatic,fuel_consumption_combined,petrol,4.5,4.6,true,true,2026-04-01,src_pl_jogger_price_my26_20260401,"Source page 6, section OSIĄGI: 4,5-4,6"
59,jogger_expression_5seat_hybrid155_automatic_co2_emissions_petrol_range_20260401,jogger_expression_5seat_hybrid155_automatic,co2_emissions,petrol,103,104,true,true,2026-04-01,src_pl_jogger_price_my26_20260401,"Source page 6, section OSIĄGI: 103-104"
60,jogger_extreme_5seat_hybrid155_automatic_co2_emissions_petrol_range_20260401,jogger_extreme_5seat_hybrid155_automatic,co2_emissions,petrol,103,104,true,true,2026-04-01,src_pl_jogger_price_my26_20260401,"Source page 6, section OSIĄGI: 103-104"
61,jogger_journey_5seat_hybrid155_automatic_co2_emissions_petrol_range_20260401,jogger_journey_5seat_hybrid155_automatic,co2_emissions,petrol,103,104,true,true,2026-04-01,src_pl_jogger_price_my26_20260401,"Source page 6, section OSIĄGI: 103-104"
62,jogger_expression_7seat_hybrid155_automatic_co2_emissions_petrol_range_20260401,jogger_expression_7seat_hybrid155_automatic,co2_emissions,petrol,103,104,true,true,2026-04-01,src_pl_jogger_price_my26_20260401,"Source page 6, section OSIĄGI: 103-104"
63,jogger_extreme_7seat_hybrid155_automatic_co2_emissions_petrol_range_20260401,jogger_extreme_7seat_hybrid155_automatic,co2_emissions,petrol,103,104,true,true,2026-04-01,src_pl_jogger_price_my26_20260401,"Source page 6, section OSIĄGI: 103-104"
64,jogger_journey_7seat_hybrid155_automatic_co2_emissions_petrol_range_20260401,jogger_journey_7seat_hybrid155_automatic,co2_emissions,petrol,103,104,true,true,2026-04-01,src_pl_jogger_price_my26_20260401,"Source page 6, section OSIĄGI: 103-104"
65,jogger_essential_5seat_ecog120_manual_maximum_payload_range_20260401,jogger_essential_5seat_ecog120_manual,maximum_payload,,453,473,true,true,2026-04-01,src_pl_jogger_price_my26_20260401,"Source page 6, section MASY (kg): 453-473 / 598-619"
66,jogger_expression_5seat_ecog120_manual_maximum_payload_range_20260401,jogger_expression_5seat_ecog120_manual,maximum_payload,,453,473,true,true,2026-04-01,src_pl_jogger_price_my26_20260401,"Source page 6, section MASY (kg): 453-473 / 598-619"
67,jogger_extreme_5seat_ecog120_manual_maximum_payload_range_20260401,jogger_extreme_5seat_ecog120_manual,maximum_payload,,453,473,true,true,2026-04-01,src_pl_jogger_price_my26_20260401,"Source page 6, section MASY (kg): 453-473 / 598-619"
68,jogger_essential_7seat_ecog120_manual_maximum_payload_range_20260401,jogger_essential_7seat_ecog120_manual,maximum_payload,,598,619,true,true,2026-04-01,src_pl_jogger_price_my26_20260401,"Source page 6, section MASY (kg): 453-473 / 598-619"
69,jogger_expression_7seat_ecog120_manual_maximum_payload_range_20260401,jogger_expression_7seat_ecog120_manual,maximum_payload,,598,619,true,true,2026-04-01,src_pl_jogger_price_my26_20260401,"Source page 6, section MASY (kg): 453-473 / 598-619"
70,jogger_extreme_7seat_ecog120_manual_maximum_payload_range_20260401,jogger_extreme_7seat_ecog120_manual,maximum_payload,,598,619,true,true,2026-04-01,src_pl_jogger_price_my26_20260401,"Source page 6, section MASY (kg): 453-473 / 598-619"
71,jogger_extreme_5seat_ecog120_automatic_maximum_payload_range_20260401,jogger_extreme_5seat_ecog120_automatic,maximum_payload,,450,459,true,true,2026-04-01,src_pl_jogger_price_my26_20260401,"Source page 6, section MASY (kg): 450-459 / 596-606"
72,jogger_journey_5seat_ecog120_automatic_maximum_payload_range_20260401,jogger_journey_5seat_ecog120_automatic,maximum_payload,,450,459,true,true,2026-04-01,src_pl_jogger_price_my26_20260401,"Source page 6, section MASY (kg): 450-459 / 596-606"
73,jogger_extreme_7seat_ecog120_automatic_maximum_payload_range_20260401,jogger_extreme_7seat_ecog120_automatic,maximum_payload,,596,606,true,true,2026-04-01,src_pl_jogger_price_my26_20260401,"Source page 6, section MASY (kg): 450-459 / 596-606"
74,jogger_journey_7seat_ecog120_automatic_maximum_payload_range_20260401,jogger_journey_7seat_ecog120_automatic,maximum_payload,,596,606,true,true,2026-04-01,src_pl_jogger_price_my26_20260401,"Source page 6, section MASY (kg): 450-459 / 596-606"
75,jogger_expression_5seat_tce110_manual_maximum_payload_range_20260401,jogger_expression_5seat_tce110_manual,maximum_payload,,455,492,true,true,2026-04-01,src_pl_jogger_price_my26_20260401,"Source page 6, section MASY (kg): 455-492 / 594-634"
76,jogger_extreme_5seat_tce110_manual_maximum_payload_range_20260401,jogger_extreme_5seat_tce110_manual,maximum_payload,,455,492,true,true,2026-04-01,src_pl_jogger_price_my26_20260401,"Source page 6, section MASY (kg): 455-492 / 594-634"
77,jogger_journey_5seat_tce110_manual_maximum_payload_range_20260401,jogger_journey_5seat_tce110_manual,maximum_payload,,455,492,true,true,2026-04-01,src_pl_jogger_price_my26_20260401,"Source page 6, section MASY (kg): 455-492 / 594-634"
78,jogger_expression_7seat_tce110_manual_maximum_payload_range_20260401,jogger_expression_7seat_tce110_manual,maximum_payload,,594,634,true,true,2026-04-01,src_pl_jogger_price_my26_20260401,"Source page 6, section MASY (kg): 455-492 / 594-634"
79,jogger_extreme_7seat_tce110_manual_maximum_payload_range_20260401,jogger_extreme_7seat_tce110_manual,maximum_payload,,594,634,true,true,2026-04-01,src_pl_jogger_price_my26_20260401,"Source page 6, section MASY (kg): 455-492 / 594-634"
80,jogger_journey_7seat_tce110_manual_maximum_payload_range_20260401,jogger_journey_7seat_tce110_manual,maximum_payload,,594,634,true,true,2026-04-01,src_pl_jogger_price_my26_20260401,"Source page 6, section MASY (kg): 455-492 / 594-634"
81,jogger_expression_5seat_hybrid155_automatic_maximum_payload_range_20260401,jogger_expression_5seat_hybrid155_automatic,maximum_payload,,457,471,true,true,2026-04-01,src_pl_jogger_price_my26_20260401,"Source page 6, section MASY (kg): 457-471 / 595-612"
82,jogger_extreme_5seat_hybrid155_automatic_maximum_payload_range_20260401,jogger_extreme_5seat_hybrid155_automatic,maximum_payload,,457,471,true,true,2026-04-01,src_pl_jogger_price_my26_20260401,"Source page 6, section MASY (kg): 457-471 / 595-612"
83,jogger_journey_5seat_hybrid155_automatic_maximum_payload_range_20260401,jogger_journey_5seat_hybrid155_automatic,maximum_payload,,457,471,true,true,2026-04-01,src_pl_jogger_price_my26_20260401,"Source page 6, section MASY (kg): 457-471 / 595-612"
84,jogger_expression_7seat_hybrid155_automatic_maximum_payload_range_20260401,jogger_expression_7seat_hybrid155_automatic,maximum_payload,,595,612,true,true,2026-04-01,src_pl_jogger_price_my26_20260401,"Source page 6, section MASY (kg): 457-471 / 595-612"
85,jogger_extreme_7seat_hybrid155_automatic_maximum_payload_range_20260401,jogger_extreme_7seat_hybrid155_automatic,maximum_payload,,595,612,true,true,2026-04-01,src_pl_jogger_price_my26_20260401,"Source page 6, section MASY (kg): 457-471 / 595-612"
86,jogger_journey_7seat_hybrid155_automatic_maximum_payload_range_20260401,jogger_journey_7seat_hybrid155_automatic,maximum_payload,,595,612,true,true,2026-04-01,src_pl_jogger_price_my26_20260401,"Source page 6, section MASY (kg): 457-471 / 595-612"
87,jogger_expression_5seat_hybrid155_automatic_acceleration_0_100_range_20260401,jogger_expression_5seat_hybrid155_automatic,acceleration_0_100,,8.9,9,true,true,2026-04-01,src_pl_jogger_price_my26_20260401,"Source page 6, section OSIĄGI: 8,9-9,0"
88,jogger_extreme_5seat_hybrid155_automatic_acceleration_0_100_range_20260401,jogger_extreme_5seat_hybrid155_automatic,acceleration_0_100,,8.9,9,true,true,2026-04-01,src_pl_jogger_price_my26_20260401,"Source page 6, section OSIĄGI: 8,9-9,0"
89,jogger_journey_5seat_hybrid155_automatic_acceleration_0_100_range_20260401,jogger_journey_5seat_hybrid155_automatic,acceleration_0_100,,8.9,9,true,true,2026-04-01,src_pl_jogger_price_my26_20260401,"Source page 6, section OSIĄGI: 8,9-9,0"
90,jogger_expression_7seat_hybrid155_automatic_acceleration_0_100_range_20260401,jogger_expression_7seat_hybrid155_automatic,acceleration_0_100,,8.9,9,true,true,2026-04-01,src_pl_jogger_price_my26_20260401,"Source page 6, section OSIĄGI: 8,9-9,0"
91,jogger_extreme_7seat_hybrid155_automatic_acceleration_0_100_range_20260401,jogger_extreme_7seat_hybrid155_automatic,acceleration_0_100,,8.9,9,true,true,2026-04-01,src_pl_jogger_price_my26_20260401,"Source page 6, section OSIĄGI: 8,9-9,0"
92,jogger_journey_7seat_hybrid155_automatic_acceleration_0_100_range_20260401,jogger_journey_7seat_hybrid155_automatic,acceleration_0_100,,8.9,9,true,true,2026-04-01,src_pl_jogger_price_my26_20260401,"Source page 6, section OSIĄGI: 8,9-9,0"
93,jogger_essential_5seat_ecog120_manual_max_power_rpm_lpg_range_20260401,jogger_essential_5seat_ecog120_manual,max_power_rpm,lpg,4500,5000,true,true,2026-04-01,src_pl_jogger_price_my26_20260401,"Source page 6, section SILNIKI: LPG: 90 (122) przy 4 500 - 5 000"
94,jogger_essential_5seat_ecog120_manual_max_power_rpm_petrol_range_20260401,jogger_essential_5seat_ecog120_manual,max_power_rpm,petrol,4500,5750,true,true,2026-04-01,src_pl_jogger_price_my26_20260401,"Source page 6, section SILNIKI: Ben: 84 (114) przy 4 500 - 5 750"
95,jogger_expression_5seat_ecog120_manual_max_power_rpm_lpg_range_20260401,jogger_expression_5seat_ecog120_manual,max_power_rpm,lpg,4500,5000,true,true,2026-04-01,src_pl_jogger_price_my26_20260401,"Source page 6, section SILNIKI: LPG: 90 (122) przy 4 500 - 5 000"
96,jogger_expression_5seat_ecog120_manual_max_power_rpm_petrol_range_20260401,jogger_expression_5seat_ecog120_manual,max_power_rpm,petrol,4500,5750,true,true,2026-04-01,src_pl_jogger_price_my26_20260401,"Source page 6, section SILNIKI: Ben: 84 (114) przy 4 500 - 5 750"
97,jogger_extreme_5seat_ecog120_manual_max_power_rpm_lpg_range_20260401,jogger_extreme_5seat_ecog120_manual,max_power_rpm,lpg,4500,5000,true,true,2026-04-01,src_pl_jogger_price_my26_20260401,"Source page 6, section SILNIKI: LPG: 90 (122) przy 4 500 - 5 000"
98,jogger_extreme_5seat_ecog120_manual_max_power_rpm_petrol_range_20260401,jogger_extreme_5seat_ecog120_manual,max_power_rpm,petrol,4500,5750,true,true,2026-04-01,src_pl_jogger_price_my26_20260401,"Source page 6, section SILNIKI: Ben: 84 (114) przy 4 500 - 5 750"
99,jogger_essential_7seat_ecog120_manual_max_power_rpm_lpg_range_20260401,jogger_essential_7seat_ecog120_manual,max_power_rpm,lpg,4500,5000,true,true,2026-04-01,src_pl_jogger_price_my26_20260401,"Source page 6, section SILNIKI: LPG: 90 (122) przy 4 500 - 5 000"
100,jogger_essential_7seat_ecog120_manual_max_power_rpm_petrol_range_20260401,jogger_essential_7seat_ecog120_manual,max_power_rpm,petrol,4500,5750,true,true,2026-04-01,src_pl_jogger_price_my26_20260401,"Source page 6, section SILNIKI: Ben: 84 (114) przy 4 500 - 5 750"
101,jogger_expression_7seat_ecog120_manual_max_power_rpm_lpg_range_20260401,jogger_expression_7seat_ecog120_manual,max_power_rpm,lpg,4500,5000,true,true,2026-04-01,src_pl_jogger_price_my26_20260401,"Source page 6, section SILNIKI: LPG: 90 (122) przy 4 500 - 5 000"
102,jogger_expression_7seat_ecog120_manual_max_power_rpm_petrol_range_20260401,jogger_expression_7seat_ecog120_manual,max_power_rpm,petrol,4500,5750,true,true,2026-04-01,src_pl_jogger_price_my26_20260401,"Source page 6, section SILNIKI: Ben: 84 (114) przy 4 500 - 5 750"
103,jogger_extreme_7seat_ecog120_manual_max_power_rpm_lpg_range_20260401,jogger_extreme_7seat_ecog120_manual,max_power_rpm,lpg,4500,5000,true,true,2026-04-01,src_pl_jogger_price_my26_20260401,"Source page 6, section SILNIKI: LPG: 90 (122) przy 4 500 - 5 000"
104,jogger_extreme_7seat_ecog120_manual_max_power_rpm_petrol_range_20260401,jogger_extreme_7seat_ecog120_manual,max_power_rpm,petrol,4500,5750,true,true,2026-04-01,src_pl_jogger_price_my26_20260401,"Source page 6, section SILNIKI: Ben: 84 (114) przy 4 500 - 5 750"
105,jogger_essential_5seat_ecog120_manual_max_torque_rpm_lpg_range_20260401,jogger_essential_5seat_ecog120_manual,max_torque_rpm,lpg,1750,3750,true,true,2026-04-01,src_pl_jogger_price_my26_20260401,"Source page 6, section SILNIKI: LPG: 197 przy 1 750 - 3 750"
106,jogger_essential_5seat_ecog120_manual_max_torque_rpm_petrol_range_20260401,jogger_essential_5seat_ecog120_manual,max_torque_rpm,petrol,2000,4000,true,true,2026-04-01,src_pl_jogger_price_my26_20260401,"Source page 6, section SILNIKI: Ben: 190 przy 2 000 - 4 000"
107,jogger_expression_5seat_ecog120_manual_max_torque_rpm_lpg_range_20260401,jogger_expression_5seat_ecog120_manual,max_torque_rpm,lpg,1750,3750,true,true,2026-04-01,src_pl_jogger_price_my26_20260401,"Source page 6, section SILNIKI: LPG: 197 przy 1 750 - 3 750"
108,jogger_expression_5seat_ecog120_manual_max_torque_rpm_petrol_range_20260401,jogger_expression_5seat_ecog120_manual,max_torque_rpm,petrol,2000,4000,true,true,2026-04-01,src_pl_jogger_price_my26_20260401,"Source page 6, section SILNIKI: Ben: 190 przy 2 000 - 4 000"
109,jogger_extreme_5seat_ecog120_manual_max_torque_rpm_lpg_range_20260401,jogger_extreme_5seat_ecog120_manual,max_torque_rpm,lpg,1750,3750,true,true,2026-04-01,src_pl_jogger_price_my26_20260401,"Source page 6, section SILNIKI: LPG: 197 przy 1 750 - 3 750"
110,jogger_extreme_5seat_ecog120_manual_max_torque_rpm_petrol_range_20260401,jogger_extreme_5seat_ecog120_manual,max_torque_rpm,petrol,2000,4000,true,true,2026-04-01,src_pl_jogger_price_my26_20260401,"Source page 6, section SILNIKI: Ben: 190 przy 2 000 - 4 000"
111,jogger_essential_7seat_ecog120_manual_max_torque_rpm_lpg_range_20260401,jogger_essential_7seat_ecog120_manual,max_torque_rpm,lpg,1750,3750,true,true,2026-04-01,src_pl_jogger_price_my26_20260401,"Source page 6, section SILNIKI: LPG: 197 przy 1 750 - 3 750"
112,jogger_essential_7seat_ecog120_manual_max_torque_rpm_petrol_range_20260401,jogger_essential_7seat_ecog120_manual,max_torque_rpm,petrol,2000,4000,true,true,2026-04-01,src_pl_jogger_price_my26_20260401,"Source page 6, section SILNIKI: Ben: 190 przy 2 000 - 4 000"
113,jogger_expression_7seat_ecog120_manual_max_torque_rpm_lpg_range_20260401,jogger_expression_7seat_ecog120_manual,max_torque_rpm,lpg,1750,3750,true,true,2026-04-01,src_pl_jogger_price_my26_20260401,"Source page 6, section SILNIKI: LPG: 197 przy 1 750 - 3 750"
114,jogger_expression_7seat_ecog120_manual_max_torque_rpm_petrol_range_20260401,jogger_expression_7seat_ecog120_manual,max_torque_rpm,petrol,2000,4000,true,true,2026-04-01,src_pl_jogger_price_my26_20260401,"Source page 6, section SILNIKI: Ben: 190 przy 2 000 - 4 000"
115,jogger_extreme_7seat_ecog120_manual_max_torque_rpm_lpg_range_20260401,jogger_extreme_7seat_ecog120_manual,max_torque_rpm,lpg,1750,3750,true,true,2026-04-01,src_pl_jogger_price_my26_20260401,"Source page 6, section SILNIKI: LPG: 197 przy 1 750 - 3 750"
116,jogger_extreme_7seat_ecog120_manual_max_torque_rpm_petrol_range_20260401,jogger_extreme_7seat_ecog120_manual,max_torque_rpm,petrol,2000,4000,true,true,2026-04-01,src_pl_jogger_price_my26_20260401,"Source page 6, section SILNIKI: Ben: 190 przy 2 000 - 4 000"
117,jogger_extreme_5seat_ecog120_automatic_max_power_rpm_lpg_range_20260401,jogger_extreme_5seat_ecog120_automatic,max_power_rpm,lpg,4500,5000,true,true,2026-04-01,src_pl_jogger_price_my26_20260401,"Source page 6, section SILNIKI: LPG: 90 (122) przy 4 500 - 5 000"
118,jogger_extreme_5seat_ecog120_automatic_max_power_rpm_petrol_range_20260401,jogger_extreme_5seat_ecog120_automatic,max_power_rpm,petrol,4500,5750,true,true,2026-04-01,src_pl_jogger_price_my26_20260401,"Source page 6, section SILNIKI: Ben: 84 (114) przy 4 500 - 5 750"
119,jogger_journey_5seat_ecog120_automatic_max_power_rpm_lpg_range_20260401,jogger_journey_5seat_ecog120_automatic,max_power_rpm,lpg,4500,5000,true,true,2026-04-01,src_pl_jogger_price_my26_20260401,"Source page 6, section SILNIKI: LPG: 90 (122) przy 4 500 - 5 000"
120,jogger_journey_5seat_ecog120_automatic_max_power_rpm_petrol_range_20260401,jogger_journey_5seat_ecog120_automatic,max_power_rpm,petrol,4500,5750,true,true,2026-04-01,src_pl_jogger_price_my26_20260401,"Source page 6, section SILNIKI: Ben: 84 (114) przy 4 500 - 5 750"
121,jogger_extreme_7seat_ecog120_automatic_max_power_rpm_lpg_range_20260401,jogger_extreme_7seat_ecog120_automatic,max_power_rpm,lpg,4500,5000,true,true,2026-04-01,src_pl_jogger_price_my26_20260401,"Source page 6, section SILNIKI: LPG: 90 (122) przy 4 500 - 5 000"
122,jogger_extreme_7seat_ecog120_automatic_max_power_rpm_petrol_range_20260401,jogger_extreme_7seat_ecog120_automatic,max_power_rpm,petrol,4500,5750,true,true,2026-04-01,src_pl_jogger_price_my26_20260401,"Source page 6, section SILNIKI: Ben: 84 (114) przy 4 500 - 5 750"
123,jogger_journey_7seat_ecog120_automatic_max_power_rpm_lpg_range_20260401,jogger_journey_7seat_ecog120_automatic,max_power_rpm,lpg,4500,5000,true,true,2026-04-01,src_pl_jogger_price_my26_20260401,"Source page 6, section SILNIKI: LPG: 90 (122) przy 4 500 - 5 000"
124,jogger_journey_7seat_ecog120_automatic_max_power_rpm_petrol_range_20260401,jogger_journey_7seat_ecog120_automatic,max_power_rpm,petrol,4500,5750,true,true,2026-04-01,src_pl_jogger_price_my26_20260401,"Source page 6, section SILNIKI: Ben: 84 (114) przy 4 500 - 5 750"
125,jogger_extreme_5seat_ecog120_automatic_max_torque_rpm_lpg_range_20260401,jogger_extreme_5seat_ecog120_automatic,max_torque_rpm,lpg,1750,3750,true,true,2026-04-01,src_pl_jogger_price_my26_20260401,"Source page 6, section SILNIKI: LPG: 197 przy 1 750 - 3 750"
126,jogger_extreme_5seat_ecog120_automatic_max_torque_rpm_petrol_range_20260401,jogger_extreme_5seat_ecog120_automatic,max_torque_rpm,petrol,2000,4000,true,true,2026-04-01,src_pl_jogger_price_my26_20260401,"Source page 6, section SILNIKI: Ben: 190 przy 2 000 - 4 000"
127,jogger_journey_5seat_ecog120_automatic_max_torque_rpm_lpg_range_20260401,jogger_journey_5seat_ecog120_automatic,max_torque_rpm,lpg,1750,3750,true,true,2026-04-01,src_pl_jogger_price_my26_20260401,"Source page 6, section SILNIKI: LPG: 197 przy 1 750 - 3 750"
128,jogger_journey_5seat_ecog120_automatic_max_torque_rpm_petrol_range_20260401,jogger_journey_5seat_ecog120_automatic,max_torque_rpm,petrol,2000,4000,true,true,2026-04-01,src_pl_jogger_price_my26_20260401,"Source page 6, section SILNIKI: Ben: 190 przy 2 000 - 4 000"
129,jogger_extreme_7seat_ecog120_automatic_max_torque_rpm_lpg_range_20260401,jogger_extreme_7seat_ecog120_automatic,max_torque_rpm,lpg,1750,3750,true,true,2026-04-01,src_pl_jogger_price_my26_20260401,"Source page 6, section SILNIKI: LPG: 197 przy 1 750 - 3 750"
130,jogger_extreme_7seat_ecog120_automatic_max_torque_rpm_petrol_range_20260401,jogger_extreme_7seat_ecog120_automatic,max_torque_rpm,petrol,2000,4000,true,true,2026-04-01,src_pl_jogger_price_my26_20260401,"Source page 6, section SILNIKI: Ben: 190 przy 2 000 - 4 000"
131,jogger_journey_7seat_ecog120_automatic_max_torque_rpm_lpg_range_20260401,jogger_journey_7seat_ecog120_automatic,max_torque_rpm,lpg,1750,3750,true,true,2026-04-01,src_pl_jogger_price_my26_20260401,"Source page 6, section SILNIKI: LPG: 197 przy 1 750 - 3 750"
132,jogger_journey_7seat_ecog120_automatic_max_torque_rpm_petrol_range_20260401,jogger_journey_7seat_ecog120_automatic,max_torque_rpm,petrol,2000,4000,true,true,2026-04-01,src_pl_jogger_price_my26_20260401,"Source page 6, section SILNIKI: Ben: 190 przy 2 000 - 4 000"
133,jogger_expression_5seat_tce110_manual_max_power_rpm_petrol_range_20260401,jogger_expression_5seat_tce110_manual,max_power_rpm,petrol,5000,5250,true,true,2026-04-01,src_pl_jogger_price_my26_20260401,"Source page 6, section SILNIKI: 81 (110) przy 5 000- 5 250"
134,jogger_extreme_5seat_tce110_manual_max_power_rpm_petrol_range_20260401,jogger_extreme_5seat_tce110_manual,max_power_rpm,petrol,5000,5250,true,true,2026-04-01,src_pl_jogger_price_my26_20260401,"Source page 6, section SILNIKI: 81 (110) przy 5 000- 5 250"
135,jogger_journey_5seat_tce110_manual_max_power_rpm_petrol_range_20260401,jogger_journey_5seat_tce110_manual,max_power_rpm,petrol,5000,5250,true,true,2026-04-01,src_pl_jogger_price_my26_20260401,"Source page 6, section SILNIKI: 81 (110) przy 5 000- 5 250"
136,jogger_expression_7seat_tce110_manual_max_power_rpm_petrol_range_20260401,jogger_expression_7seat_tce110_manual,max_power_rpm,petrol,5000,5250,true,true,2026-04-01,src_pl_jogger_price_my26_20260401,"Source page 6, section SILNIKI: 81 (110) przy 5 000- 5 250"
137,jogger_extreme_7seat_tce110_manual_max_power_rpm_petrol_range_20260401,jogger_extreme_7seat_tce110_manual,max_power_rpm,petrol,5000,5250,true,true,2026-04-01,src_pl_jogger_price_my26_20260401,"Source page 6, section SILNIKI: 81 (110) przy 5 000- 5 250"
138,jogger_journey_7seat_tce110_manual_max_power_rpm_petrol_range_20260401,jogger_journey_7seat_tce110_manual,max_power_rpm,petrol,5000,5250,true,true,2026-04-01,src_pl_jogger_price_my26_20260401,"Source page 6, section SILNIKI: 81 (110) przy 5 000- 5 250"
139,jogger_expression_5seat_tce110_manual_max_torque_rpm_petrol_range_20260401,jogger_expression_5seat_tce110_manual,max_torque_rpm,petrol,2900,3500,true,true,2026-04-01,src_pl_jogger_price_my26_20260401,"Source page 6, section SILNIKI: 200 przy 2 900 - 3 500"
140,jogger_extreme_5seat_tce110_manual_max_torque_rpm_petrol_range_20260401,jogger_extreme_5seat_tce110_manual,max_torque_rpm,petrol,2900,3500,true,true,2026-04-01,src_pl_jogger_price_my26_20260401,"Source page 6, section SILNIKI: 200 przy 2 900 - 3 500"
141,jogger_journey_5seat_tce110_manual_max_torque_rpm_petrol_range_20260401,jogger_journey_5seat_tce110_manual,max_torque_rpm,petrol,2900,3500,true,true,2026-04-01,src_pl_jogger_price_my26_20260401,"Source page 6, section SILNIKI: 200 przy 2 900 - 3 500"
142,jogger_expression_7seat_tce110_manual_max_torque_rpm_petrol_range_20260401,jogger_expression_7seat_tce110_manual,max_torque_rpm,petrol,2900,3500,true,true,2026-04-01,src_pl_jogger_price_my26_20260401,"Source page 6, section SILNIKI: 200 przy 2 900 - 3 500"
143,jogger_extreme_7seat_tce110_manual_max_torque_rpm_petrol_range_20260401,jogger_extreme_7seat_tce110_manual,max_torque_rpm,petrol,2900,3500,true,true,2026-04-01,src_pl_jogger_price_my26_20260401,"Source page 6, section SILNIKI: 200 przy 2 900 - 3 500"
144,jogger_journey_7seat_tce110_manual_max_torque_rpm_petrol_range_20260401,jogger_journey_7seat_tce110_manual,max_torque_rpm,petrol,2900,3500,true,true,2026-04-01,src_pl_jogger_price_my26_20260401,"Source page 6, section SILNIKI: 200 przy 2 900 - 3 500"
145,bigster_essential_mildhybrid140_4x2_manual_maximum_payload_range_20260703,bigster_essential_mildhybrid140_4x2_manual,maximum_payload,,451,540,true,true,2026-07-03,src_pl_bigster_price_my26_20260703,"Source page 6, section MASY (kg): 451/540"
146,bigster_expression_mildhybrid140_4x2_manual_maximum_payload_range_20260703,bigster_expression_mildhybrid140_4x2_manual,maximum_payload,,451,540,true,true,2026-07-03,src_pl_bigster_price_my26_20260703,"Source page 6, section MASY (kg): 451/540"
147,bigster_extreme_mildhybrid140_4x2_manual_maximum_payload_range_20260703,bigster_extreme_mildhybrid140_4x2_manual,maximum_payload,,451,540,true,true,2026-07-03,src_pl_bigster_price_my26_20260703,"Source page 6, section MASY (kg): 451/540"
148,bigster_journey_mildhybrid140_4x2_manual_maximum_payload_range_20260703,bigster_journey_mildhybrid140_4x2_manual,maximum_payload,,451,540,true,true,2026-07-03,src_pl_bigster_price_my26_20260703,"Source page 6, section MASY (kg): 451/540"
149,bigster_essential_mildhybridg140_4x2_manual_maximum_payload_range_20260703,bigster_essential_mildhybridg140_4x2_manual,maximum_payload,,451,540,true,true,2026-07-03,src_pl_bigster_price_my26_20260703,"Source page 6, section MASY (kg): 451/540"
150,bigster_expression_mildhybridg140_4x2_manual_maximum_payload_range_20260703,bigster_expression_mildhybridg140_4x2_manual,maximum_payload,,451,540,true,true,2026-07-03,src_pl_bigster_price_my26_20260703,"Source page 6, section MASY (kg): 451/540"
151,bigster_extreme_mildhybridg140_4x2_manual_maximum_payload_range_20260703,bigster_extreme_mildhybridg140_4x2_manual,maximum_payload,,451,540,true,true,2026-07-03,src_pl_bigster_price_my26_20260703,"Source page 6, section MASY (kg): 451/540"
152,bigster_journey_mildhybridg140_4x2_manual_maximum_payload_range_20260703,bigster_journey_mildhybridg140_4x2_manual,maximum_payload,,451,540,true,true,2026-07-03,src_pl_bigster_price_my26_20260703,"Source page 6, section MASY (kg): 451/540"
153,bigster_expression_hybridg150_4x4_automatic_maximum_payload_range_20260703,bigster_expression_hybridg150_4x4_automatic,maximum_payload,,462,509,true,true,2026-07-03,src_pl_bigster_price_my26_20260703,"Source page 6, section MASY (kg): 462/509"
154,bigster_extreme_hybridg150_4x4_automatic_maximum_payload_range_20260703,bigster_extreme_hybridg150_4x4_automatic,maximum_payload,,462,509,true,true,2026-07-03,src_pl_bigster_price_my26_20260703,"Source page 6, section MASY (kg): 462/509"
155,bigster_journey_hybridg150_4x4_automatic_maximum_payload_range_20260703,bigster_journey_hybridg150_4x4_automatic,maximum_payload,,462,509,true,true,2026-07-03,src_pl_bigster_price_my26_20260703,"Source page 6, section MASY (kg): 462/509"
156,bigster_expression_hybrid155_4x2_automatic_maximum_payload_range_20260703,bigster_expression_hybrid155_4x2_automatic,maximum_payload,,453,521,true,true,2026-07-03,src_pl_bigster_price_my26_20260703,"Source page 6, section MASY (kg): 453/521"
157,bigster_extreme_hybrid155_4x2_automatic_maximum_payload_range_20260703,bigster_extreme_hybrid155_4x2_automatic,maximum_payload,,453,521,true,true,2026-07-03,src_pl_bigster_price_my26_20260703,"Source page 6, section MASY (kg): 453/521"
158,bigster_journey_hybrid155_4x2_automatic_maximum_payload_range_20260703,bigster_journey_hybrid155_4x2_automatic,maximum_payload,,453,521,true,true,2026-07-03,src_pl_bigster_price_my26_20260703,"Source page 6, section MASY (kg): 453/521"
