id,code,configuration_code,attribute_code,value,observation_date,source_code,notes
1,sandero_iii_expression_ecog120_manual_fuel_tank_capacity_20260626,sandero_iii_expression_ecog120_manual,fuel_tank_capacity,50,2026-06-26,src_pl_sandero_expression_ecog120_mt_20260626,
2,sandero_iii_expression_ecog120_manual_engine_displacement_20260626,sandero_iii_expression_ecog120_manual,engine_displacement,1199,2026-06-26,src_pl_sandero_expression_ecog120_mt_20260626,
3,sandero_iii_expression_ecog120_manual_cylinder_count_20260626,sandero_iii_expression_ecog120_manual,cylinder_count,3,2026-06-26,src_pl_sandero_expression_ecog120_mt_20260626,
4,sandero_iii_expression_ecog120_manual_number_of_seats_20260626,sandero_iii_expression_ecog120_manual,number_of_seats,5,2026-06-26,src_pl_sandero_expression_ecog120_mt_20260626,
5,sandero_iii_expression_ecog120_manual_gear_count_20260626,sandero_iii_expression_ecog120_manual,gear_count,6,2026-06-26,src_pl_sandero_expression_ecog120_mt_20260626,
6,sandero_iii_journey_ecog120_manual_fuel_tank_capacity_20260626,sandero_iii_journey_ecog120_manual,fuel_tank_capacity,50,2026-06-26,src_pl_sandero_journey_ecog120_mt_20260626,
7,sandero_iii_journey_ecog120_manual_engine_displacement_20260626,sandero_iii_journey_ecog120_manual,engine_displacement,1199,2026-06-26,src_pl_sandero_journey_ecog120_mt_20260626,
8,sandero_iii_journey_ecog120_manual_cylinder_count_20260626,sandero_iii_journey_ecog120_manual,cylinder_count,3,2026-06-26,src_pl_sandero_journey_ecog120_mt_20260626,
9,sandero_iii_journey_ecog120_manual_number_of_seats_20260626,sandero_iii_journey_ecog120_manual,number_of_seats,5,2026-06-26,src_pl_sandero_journey_ecog120_mt_20260626,
10,sandero_iii_journey_ecog120_manual_gear_count_20260626,sandero_iii_journey_ecog120_manual,gear_count,6,2026-06-26,src_pl_sandero_journey_ecog120_mt_20260626,
11,sandero_stepway_iii_essential_ecog120_manual_fuel_tank_capacity_20260626,sandero_stepway_iii_essential_ecog120_manual,fuel_tank_capacity,50,2026-06-26,src_pl_sandero_stepway_essential_ecog120_mt_20260626,
12,sandero_stepway_iii_essential_ecog120_manual_engine_displacement_20260626,sandero_stepway_iii_essential_ecog120_manual,engine_displacement,1199,2026-06-26,src_pl_sandero_stepway_essential_ecog120_mt_20260626,
13,sandero_stepway_iii_essential_ecog120_manual_cylinder_count_20260626,sandero_stepway_iii_essential_ecog120_manual,cylinder_count,3,2026-06-26,src_pl_sandero_stepway_essential_ecog120_mt_20260626,
14,sandero_stepway_iii_essential_ecog120_manual_number_of_seats_20260626,sandero_stepway_iii_essential_ecog120_manual,number_of_seats,5,2026-06-26,src_pl_sandero_stepway_essential_ecog120_mt_20260626,
15,sandero_stepway_iii_essential_ecog120_manual_gear_count_20260626,sandero_stepway_iii_essential_ecog120_manual,gear_count,6,2026-06-26,src_pl_sandero_stepway_essential_ecog120_mt_20260626,
16,sandero_stepway_iii_expression_ecog120_automatic_fuel_tank_capacity_20260626,sandero_stepway_iii_expression_ecog120_automatic,fuel_tank_capacity,50,2026-06-26,src_pl_sandero_stepway_expression_ecog120_at_20260626,
17,sandero_stepway_iii_expression_ecog120_automatic_engine_displacement_20260626,sandero_stepway_iii_expression_ecog120_automatic,engine_displacement,1199,2026-06-26,src_pl_sandero_stepway_expression_ecog120_at_20260626,
18,sandero_stepway_iii_expression_ecog120_automatic_cylinder_count_20260626,sandero_stepway_iii_expression_ecog120_automatic,cylinder_count,3,2026-06-26,src_pl_sandero_stepway_expression_ecog120_at_20260626,
19,sandero_stepway_iii_expression_ecog120_automatic_number_of_seats_20260626,sandero_stepway_iii_expression_ecog120_automatic,number_of_seats,5,2026-06-26,src_pl_sandero_stepway_expression_ecog120_at_20260626,
20,sandero_stepway_iii_expression_ecog120_automatic_gear_count_20260626,sandero_stepway_iii_expression_ecog120_automatic,gear_count,6,2026-06-26,src_pl_sandero_stepway_expression_ecog120_at_20260626,
21,sandero_stepway_iii_expression_ecog120_manual_fuel_tank_capacity_20260626,sandero_stepway_iii_expression_ecog120_manual,fuel_tank_capacity,50,2026-06-26,src_pl_sandero_stepway_expression_ecog120_mt_20260626,
22,sandero_stepway_iii_expression_ecog120_manual_engine_displacement_20260626,sandero_stepway_iii_expression_ecog120_manual,engine_displacement,1199,2026-06-26,src_pl_sandero_stepway_expression_ecog120_mt_20260626,
23,sandero_stepway_iii_expression_ecog120_manual_cylinder_count_20260626,sandero_stepway_iii_expression_ecog120_manual,cylinder_count,3,2026-06-26,src_pl_sandero_stepway_expression_ecog120_mt_20260626,
24,sandero_stepway_iii_expression_ecog120_manual_number_of_seats_20260626,sandero_stepway_iii_expression_ecog120_manual,number_of_seats,5,2026-06-26,src_pl_sandero_stepway_expression_ecog120_mt_20260626,
25,sandero_stepway_iii_expression_ecog120_manual_gear_count_20260626,sandero_stepway_iii_expression_ecog120_manual,gear_count,6,2026-06-26,src_pl_sandero_stepway_expression_ecog120_mt_20260626,
26,sandero_stepway_iii_extreme_ecog120_automatic_fuel_tank_capacity_20260626,sandero_stepway_iii_extreme_ecog120_automatic,fuel_tank_capacity,50,2026-06-26,src_pl_sandero_stepway_extreme_ecog120_at_20260626,
27,sandero_stepway_iii_extreme_ecog120_automatic_engine_displacement_20260626,sandero_stepway_iii_extreme_ecog120_automatic,engine_displacement,1199,2026-06-26,src_pl_sandero_stepway_extreme_ecog120_at_20260626,
28,sandero_stepway_iii_extreme_ecog120_automatic_cylinder_count_20260626,sandero_stepway_iii_extreme_ecog120_automatic,cylinder_count,3,2026-06-26,src_pl_sandero_stepway_extreme_ecog120_at_20260626,
29,sandero_stepway_iii_extreme_ecog120_automatic_number_of_seats_20260626,sandero_stepway_iii_extreme_ecog120_automatic,number_of_seats,5,2026-06-26,src_pl_sandero_stepway_extreme_ecog120_at_20260626,
30,sandero_stepway_iii_extreme_ecog120_automatic_gear_count_20260626,sandero_stepway_iii_extreme_ecog120_automatic,gear_count,6,2026-06-26,src_pl_sandero_stepway_extreme_ecog120_at_20260626,
31,sandero_stepway_iii_extreme_ecog120_manual_fuel_tank_capacity_20260626,sandero_stepway_iii_extreme_ecog120_manual,fuel_tank_capacity,50,2026-06-26,src_pl_sandero_stepway_extreme_ecog120_mt_20260626,
32,sandero_stepway_iii_extreme_ecog120_manual_engine_displacement_20260626,sandero_stepway_iii_extreme_ecog120_manual,engine_displacement,1199,2026-06-26,src_pl_sandero_stepway_extreme_ecog120_mt_20260626,
33,sandero_stepway_iii_extreme_ecog120_manual_cylinder_count_20260626,sandero_stepway_iii_extreme_ecog120_manual,cylinder_count,3,2026-06-26,src_pl_sandero_stepway_extreme_ecog120_mt_20260626,
34,sandero_stepway_iii_extreme_ecog120_manual_number_of_seats_20260626,sandero_stepway_iii_extreme_ecog120_manual,number_of_seats,5,2026-06-26,src_pl_sandero_stepway_extreme_ecog120_mt_20260626,
35,sandero_stepway_iii_extreme_ecog120_manual_gear_count_20260626,sandero_stepway_iii_extreme_ecog120_manual,gear_count,6,2026-06-26,src_pl_sandero_stepway_extreme_ecog120_mt_20260626,
36,sandero_iii_expression_ecog120_manual_top_speed_20260626,sandero_iii_expression_ecog120_manual,top_speed,180,2026-06-26,src_pl_sandero_expression_ecog120_mt_20260626,
37,sandero_iii_expression_ecog120_manual_turning_circle_20260626,sandero_iii_expression_ecog120_manual,turning_circle,10.64,2026-06-26,src_pl_sandero_expression_ecog120_mt_20260626,
38,sandero_iii_expression_ecog120_manual_gross_train_weight_20260626,sandero_iii_expression_ecog120_manual,gross_train_weight,2740,2026-06-26,src_pl_sandero_expression_ecog120_mt_20260626,
39,sandero_iii_expression_ecog120_manual_unbraked_trailer_weight_20260626,sandero_iii_expression_ecog120_manual,unbraked_trailer_weight,615,2026-06-26,src_pl_sandero_expression_ecog120_mt_20260626,
40,sandero_iii_expression_ecog120_manual_braked_trailer_weight_20260626,sandero_iii_expression_ecog120_manual,braked_trailer_weight,1100,2026-06-26,src_pl_sandero_expression_ecog120_mt_20260626,
41,sandero_iii_expression_ecog120_manual_kerb_weight_20260626,sandero_iii_expression_ecog120_manual,kerb_weight,1267,2026-06-26,src_pl_sandero_expression_ecog120_mt_20260626,Source field: minimum vehicle mass ready to drive (without options).
42,sandero_iii_expression_ecog120_manual_gross_vehicle_weight_20260626,sandero_iii_expression_ecog120_manual,gross_vehicle_weight,1640,2026-06-26,src_pl_sandero_expression_ecog120_mt_20260626,
43,sandero_iii_journey_ecog120_manual_top_speed_20260626,sandero_iii_journey_ecog120_manual,top_speed,180,2026-06-26,src_pl_sandero_journey_ecog120_mt_20260626,
44,sandero_iii_journey_ecog120_manual_turning_circle_20260626,sandero_iii_journey_ecog120_manual,turning_circle,10.64,2026-06-26,src_pl_sandero_journey_ecog120_mt_20260626,
45,sandero_iii_journey_ecog120_manual_gross_train_weight_20260626,sandero_iii_journey_ecog120_manual,gross_train_weight,2740,2026-06-26,src_pl_sandero_journey_ecog120_mt_20260626,
46,sandero_iii_journey_ecog120_manual_unbraked_trailer_weight_20260626,sandero_iii_journey_ecog120_manual,unbraked_trailer_weight,615,2026-06-26,src_pl_sandero_journey_ecog120_mt_20260626,
47,sandero_iii_journey_ecog120_manual_braked_trailer_weight_20260626,sandero_iii_journey_ecog120_manual,braked_trailer_weight,1100,2026-06-26,src_pl_sandero_journey_ecog120_mt_20260626,
48,sandero_iii_journey_ecog120_manual_kerb_weight_20260626,sandero_iii_journey_ecog120_manual,kerb_weight,1269,2026-06-26,src_pl_sandero_journey_ecog120_mt_20260626,Source field: minimum vehicle mass ready to drive (without options).
49,sandero_iii_journey_ecog120_manual_gross_vehicle_weight_20260626,sandero_iii_journey_ecog120_manual,gross_vehicle_weight,1640,2026-06-26,src_pl_sandero_journey_ecog120_mt_20260626,
50,sandero_stepway_iii_essential_ecog120_manual_top_speed_20260626,sandero_stepway_iii_essential_ecog120_manual,top_speed,180,2026-06-26,src_pl_sandero_stepway_essential_ecog120_mt_20260626,
51,sandero_stepway_iii_essential_ecog120_manual_turning_circle_20260626,sandero_stepway_iii_essential_ecog120_manual,turning_circle,10.64,2026-06-26,src_pl_sandero_stepway_essential_ecog120_mt_20260626,
52,sandero_stepway_iii_essential_ecog120_manual_gross_train_weight_20260626,sandero_stepway_iii_essential_ecog120_manual,gross_train_weight,2760,2026-06-26,src_pl_sandero_stepway_essential_ecog120_mt_20260626,
53,sandero_stepway_iii_essential_ecog120_manual_unbraked_trailer_weight_20260626,sandero_stepway_iii_essential_ecog120_manual,unbraked_trailer_weight,630,2026-06-26,src_pl_sandero_stepway_essential_ecog120_mt_20260626,
54,sandero_stepway_iii_essential_ecog120_manual_braked_trailer_weight_20260626,sandero_stepway_iii_essential_ecog120_manual,braked_trailer_weight,1100,2026-06-26,src_pl_sandero_stepway_essential_ecog120_mt_20260626,
55,sandero_stepway_iii_essential_ecog120_manual_kerb_weight_20260626,sandero_stepway_iii_essential_ecog120_manual,kerb_weight,1273,2026-06-26,src_pl_sandero_stepway_essential_ecog120_mt_20260626,Source field: minimum vehicle mass ready to drive (without options).
56,sandero_stepway_iii_essential_ecog120_manual_gross_vehicle_weight_20260626,sandero_stepway_iii_essential_ecog120_manual,gross_vehicle_weight,1660,2026-06-26,src_pl_sandero_stepway_essential_ecog120_mt_20260626,
57,sandero_stepway_iii_expression_ecog120_automatic_top_speed_20260626,sandero_stepway_iii_expression_ecog120_automatic,top_speed,180,2026-06-26,src_pl_sandero_stepway_expression_ecog120_at_20260626,
58,sandero_stepway_iii_expression_ecog120_automatic_turning_circle_20260626,sandero_stepway_iii_expression_ecog120_automatic,turning_circle,10.64,2026-06-26,src_pl_sandero_stepway_expression_ecog120_at_20260626,
59,sandero_stepway_iii_expression_ecog120_automatic_gross_train_weight_20260626,sandero_stepway_iii_expression_ecog120_automatic,gross_train_weight,2785,2026-06-26,src_pl_sandero_stepway_expression_ecog120_at_20260626,
60,sandero_stepway_iii_expression_ecog120_automatic_unbraked_trailer_weight_20260626,sandero_stepway_iii_expression_ecog120_automatic,unbraked_trailer_weight,645,2026-06-26,src_pl_sandero_stepway_expression_ecog120_at_20260626,
61,sandero_stepway_iii_expression_ecog120_automatic_braked_trailer_weight_20260626,sandero_stepway_iii_expression_ecog120_automatic,braked_trailer_weight,1100,2026-06-26,src_pl_sandero_stepway_expression_ecog120_at_20260626,
62,sandero_stepway_iii_expression_ecog120_automatic_kerb_weight_20260626,sandero_stepway_iii_expression_ecog120_automatic,kerb_weight,1305,2026-06-26,src_pl_sandero_stepway_expression_ecog120_at_20260626,Source field: minimum vehicle mass ready to drive (without options).
63,sandero_stepway_iii_expression_ecog120_automatic_gross_vehicle_weight_20260626,sandero_stepway_iii_expression_ecog120_automatic,gross_vehicle_weight,1685,2026-06-26,src_pl_sandero_stepway_expression_ecog120_at_20260626,
64,sandero_stepway_iii_expression_ecog120_manual_top_speed_20260626,sandero_stepway_iii_expression_ecog120_manual,top_speed,180,2026-06-26,src_pl_sandero_stepway_expression_ecog120_mt_20260626,
65,sandero_stepway_iii_expression_ecog120_manual_turning_circle_20260626,sandero_stepway_iii_expression_ecog120_manual,turning_circle,10.64,2026-06-26,src_pl_sandero_stepway_expression_ecog120_mt_20260626,
66,sandero_stepway_iii_expression_ecog120_manual_gross_train_weight_20260626,sandero_stepway_iii_expression_ecog120_manual,gross_train_weight,2760,2026-06-26,src_pl_sandero_stepway_expression_ecog120_mt_20260626,
67,sandero_stepway_iii_expression_ecog120_manual_unbraked_trailer_weight_20260626,sandero_stepway_iii_expression_ecog120_manual,unbraked_trailer_weight,630,2026-06-26,src_pl_sandero_stepway_expression_ecog120_mt_20260626,
68,sandero_stepway_iii_expression_ecog120_manual_braked_trailer_weight_20260626,sandero_stepway_iii_expression_ecog120_manual,braked_trailer_weight,1100,2026-06-26,src_pl_sandero_stepway_expression_ecog120_mt_20260626,
69,sandero_stepway_iii_expression_ecog120_manual_kerb_weight_20260626,sandero_stepway_iii_expression_ecog120_manual,kerb_weight,1284,2026-06-26,src_pl_sandero_stepway_expression_ecog120_mt_20260626,Source field: minimum vehicle mass ready to drive (without options).
70,sandero_stepway_iii_expression_ecog120_manual_gross_vehicle_weight_20260626,sandero_stepway_iii_expression_ecog120_manual,gross_vehicle_weight,1660,2026-06-26,src_pl_sandero_stepway_expression_ecog120_mt_20260626,
71,sandero_stepway_iii_extreme_ecog120_automatic_top_speed_20260626,sandero_stepway_iii_extreme_ecog120_automatic,top_speed,180,2026-06-26,src_pl_sandero_stepway_extreme_ecog120_at_20260626,
72,sandero_stepway_iii_extreme_ecog120_automatic_turning_circle_20260626,sandero_stepway_iii_extreme_ecog120_automatic,turning_circle,10.64,2026-06-26,src_pl_sandero_stepway_extreme_ecog120_at_20260626,
73,sandero_stepway_iii_extreme_ecog120_automatic_gross_train_weight_20260626,sandero_stepway_iii_extreme_ecog120_automatic,gross_train_weight,2785,2026-06-26,src_pl_sandero_stepway_extreme_ecog120_at_20260626,
74,sandero_stepway_iii_extreme_ecog120_automatic_unbraked_trailer_weight_20260626,sandero_stepway_iii_extreme_ecog120_automatic,unbraked_trailer_weight,645,2026-06-26,src_pl_sandero_stepway_extreme_ecog120_at_20260626,
75,sandero_stepway_iii_extreme_ecog120_automatic_braked_trailer_weight_20260626,sandero_stepway_iii_extreme_ecog120_automatic,braked_trailer_weight,1100,2026-06-26,src_pl_sandero_stepway_extreme_ecog120_at_20260626,
76,sandero_stepway_iii_extreme_ecog120_automatic_kerb_weight_20260626,sandero_stepway_iii_extreme_ecog120_automatic,kerb_weight,1308,2026-06-26,src_pl_sandero_stepway_extreme_ecog120_at_20260626,Source field: minimum vehicle mass ready to drive (without options).
77,sandero_stepway_iii_extreme_ecog120_automatic_gross_vehicle_weight_20260626,sandero_stepway_iii_extreme_ecog120_automatic,gross_vehicle_weight,1685,2026-06-26,src_pl_sandero_stepway_extreme_ecog120_at_20260626,
78,sandero_stepway_iii_extreme_ecog120_manual_top_speed_20260626,sandero_stepway_iii_extreme_ecog120_manual,top_speed,180,2026-06-26,src_pl_sandero_stepway_extreme_ecog120_mt_20260626,
79,sandero_stepway_iii_extreme_ecog120_manual_turning_circle_20260626,sandero_stepway_iii_extreme_ecog120_manual,turning_circle,10.64,2026-06-26,src_pl_sandero_stepway_extreme_ecog120_mt_20260626,
80,sandero_stepway_iii_extreme_ecog120_manual_gross_train_weight_20260626,sandero_stepway_iii_extreme_ecog120_manual,gross_train_weight,2760,2026-06-26,src_pl_sandero_stepway_extreme_ecog120_mt_20260626,
81,sandero_stepway_iii_extreme_ecog120_manual_unbraked_trailer_weight_20260626,sandero_stepway_iii_extreme_ecog120_manual,unbraked_trailer_weight,630,2026-06-26,src_pl_sandero_stepway_extreme_ecog120_mt_20260626,
82,sandero_stepway_iii_extreme_ecog120_manual_braked_trailer_weight_20260626,sandero_stepway_iii_extreme_ecog120_manual,braked_trailer_weight,1100,2026-06-26,src_pl_sandero_stepway_extreme_ecog120_mt_20260626,
83,sandero_stepway_iii_extreme_ecog120_manual_kerb_weight_20260626,sandero_stepway_iii_extreme_ecog120_manual,kerb_weight,1285,2026-06-26,src_pl_sandero_stepway_extreme_ecog120_mt_20260626,Source field: minimum vehicle mass ready to drive (without options).
84,sandero_stepway_iii_extreme_ecog120_manual_gross_vehicle_weight_20260626,sandero_stepway_iii_extreme_ecog120_manual,gross_vehicle_weight,1660,2026-06-26,src_pl_sandero_stepway_extreme_ecog120_mt_20260626,
